{
  "_fv": 24,
  "_type": "food",
  "definition": {
    "renderType": 0,
    "texture": "alchohol",
    "customModelName": "Normal",
    "name": "Alcohol",
    "rarity": "COMMON",
    "specialInfo": [
      "Use it to craft not drink"
    ],
    "creativeTab": {
      "value": "BREWING"
    },
    "stackSize": 8,
    "nutritionalValue": 0,
    "saturation": 0.3,
    "eatingSpeed": 10,
    "resultItem": {
      "value": ""
    },
    "forDogs": false,
    "isAlwaysEdible": true,
    "animation": "drink",
    "hasGlow": false,
    "onEaten": {
      "name": "AlcoholFoodEaten"
    }
  }
}