{
  "_fv": 24,
  "_type": "food",
  "definition": {
    "renderType": 0,
    "texture": "beer",
    "customModelName": "Normal",
    "name": "Beer",
    "rarity": "COMMON",
    "specialInfo": [
      "Gopnik"
    ],
    "creativeTab": {
      "value": "BREWING"
    },
    "stackSize": 64,
    "nutritionalValue": 2,
    "saturation": 0.3,
    "eatingSpeed": 10,
    "resultItem": {
      "value": ""
    },
    "forDogs": false,
    "isAlwaysEdible": false,
    "animation": "drink",
    "hasGlow": false,
    "onEaten": {
      "name": "BeerFoodEaten"
    }
  }
}