{
  "_fv": 24,
  "_type": "food",
  "definition": {
    "renderType": 0,
    "texture": "rottenapple",
    "customModelName": "Normal",
    "name": "Rottenapple",
    "rarity": "COMMON",
    "specialInfo": [
      "Don't eat it"
    ],
    "creativeTab": {
      "value": "FOOD"
    },
    "stackSize": 64,
    "nutritionalValue": 1,
    "saturation": 0.3,
    "eatingSpeed": 20,
    "resultItem": {
      "value": ""
    },
    "forDogs": false,
    "isAlwaysEdible": true,
    "animation": "eat",
    "hasGlow": false,
    "onEaten": {
      "name": "RottenappleFoodEaten"
    }
  }
}