{
  "_fv": 24,
  "_type": "food",
  "definition": {
    "renderType": 0,
    "texture": "vodkablyat",
    "customModelName": "Normal",
    "name": "Vodka",
    "rarity": "UNCOMMON",
    "specialInfo": [
      "Get Wasted In The Drunk World Of The MotherLand"
    ],
    "creativeTab": {
      "value": "BREWING"
    },
    "stackSize": 10,
    "nutritionalValue": 10,
    "saturation": 0.3,
    "eatingSpeed": 64,
    "resultItem": {
      "value": ""
    },
    "forDogs": false,
    "isAlwaysEdible": true,
    "animation": "drink",
    "hasGlow": false,
    "onEaten": {
      "name": "VodkaFoodEaten"
    }
  }
}