{
  "_fv": 24,
  "_type": "food",
  "definition": {
    "renderType": 0,
    "texture": "redwine",
    "customModelName": "Normal",
    "name": "Wine",
    "rarity": "COMMON",
    "specialInfo": [
      "Redwine taste good!!!!!!!!!!!!!!!"
    ],
    "creativeTab": {
      "value": "BREWING"
    },
    "stackSize": 2,
    "nutritionalValue": 4,
    "saturation": 0.3,
    "eatingSpeed": 32,
    "resultItem": {
      "value": ""
    },
    "forDogs": false,
    "isAlwaysEdible": false,
    "animation": "drink",
    "hasGlow": false,
    "onEaten": {
      "name": "WineFoodEaten"
    }
  }
}