{
  "group": "drinks",
  "type": "minecraft:crafting_shaped",
  "pattern": [
    "012",
    "345",
    "6  "
  ],
  "key": {
    "0": {
      "item": "drinks:alcohol"
    },
    "1": {
      "item": "drinks:alcohol"
    },
    "2": {
      "item": "drinks:alcohol"
    },
    "3": {
      "item": "minecraft:sugar"
    },
    "4": {
      "item": "minecraft:sugar"
    },
    "5": {
      "item": "minecraft:sugar"
    },
    "6": {
      "item": "minecraft:potion"
    }
  },
  "result": {
    "item": "drinks:beer",
    "count": 3
  }
}